{
    "forge_marker": 1,
    "defaults": {
        "model": "tcutility:stairs", "textures": {"stair": "blocks/magma"}
    },
    "variants": {
        "facing=east,half=bottom,shape=straight": [{}],
        "facing=west,half=bottom,shape=straight": {"model": "tcutility:stairs", "textures": {"stair": "blocks/magma"}, "y": 180, "uvlock": true},
        "facing=south,half=bottom,shape=straight": {"model": "tcutility:stairs", "textures": {"stair": "blocks/magma"}, "y": 90, "uvlock": true},
        "facing=north,half=bottom,shape=straight": {"model": "tcutility:stairs", "textures": {"stair": "blocks/magma"}, "y": 270, "uvlock": true},
        "facing=east,half=bottom,shape=outer_right": {"model": "tcutility:stairs_outer", "textures": {"stair": "blocks/magma"}},
        "facing=west,half=bottom,shape=outer_right": {"model": "tcutility:stairs_outer", "textures": {"stair": "blocks/magma"}, "y": 180, "uvlock": true},
        "facing=south,half=bottom,shape=outer_right": {"model": "tcutility:stairs_outer", "textures": {"stair": "blocks/magma"}, "y": 90, "uvlock": true},
        "facing=north,half=bottom,shape=outer_right": {"model": "tcutility:stairs_outer", "textures": {"stair": "blocks/magma"}, "y": 270, "uvlock": true},
        "facing=east,half=bottom,shape=outer_left": {"model": "tcutility:stairs_outer", "textures": {"stair": "blocks/magma"}, "y": 270, "uvlock": true},
        "facing=west,half=bottom,shape=outer_left": {"model": "tcutility:stairs_outer", "textures": {"stair": "blocks/magma"}, "y": 90, "uvlock": true},
        "facing=south,half=bottom,shape=outer_left": {"model": "tcutility:stairs_outer", "textures": {"stair": "blocks/magma"}},
        "facing=north,half=bottom,shape=outer_left": {"model": "tcutility:stairs_outer", "textures": {"stair": "blocks/magma"}, "y": 180, "uvlock": true},
        "facing=east,half=bottom,shape=inner_right": {"model": "tcutility:stairs_inner", "textures": {"stair": "blocks/magma"}},
        "facing=west,half=bottom,shape=inner_right": {"model": "tcutility:stairs_inner", "textures": {"stair": "blocks/magma"}, "y": 180, "uvlock": true},
        "facing=south,half=bottom,shape=inner_right": {"model": "tcutility:stairs_inner", "textures": {"stair": "blocks/magma"}, "y": 90, "uvlock": true},
        "facing=north,half=bottom,shape=inner_right": {"model": "tcutility:stairs_inner", "textures": {"stair": "blocks/magma"}, "y": 270, "uvlock": true},
        "facing=east,half=bottom,shape=inner_left": {"model": "tcutility:stairs_inner", "textures": {"stair": "blocks/magma"}, "y": 270, "uvlock": true},
        "facing=west,half=bottom,shape=inner_left": {"model": "tcutility:stairs_inner", "textures": {"stair": "blocks/magma"}, "y": 90, "uvlock": true},
        "facing=south,half=bottom,shape=inner_left": {"model": "tcutility:stairs_inner", "textures": {"stair": "blocks/magma"}},
        "facing=north,half=bottom,shape=inner_left": {"model": "tcutility:stairs_inner", "textures": {"stair": "blocks/magma"}, "y": 180, "uvlock": true},
        "facing=east,half=top,shape=straight": {"model": "tcutility:stairs", "textures": {"stair": "blocks/magma"}, "x": 180, "uvlock": true},
        "facing=west,half=top,shape=straight": {"model": "tcutility:stairs", "textures": {"stair": "blocks/magma"}, "x": 180, "y": 180, "uvlock": true},
        "facing=south,half=top,shape=straight": {"model": "tcutility:stairs", "textures": {"stair": "blocks/magma"}, "x": 180, "y": 90, "uvlock": true},
        "facing=north,half=top,shape=straight": {"model": "tcutility:stairs", "textures": {"stair": "blocks/magma"}, "x": 180, "y": 270, "uvlock": true},
        "facing=east,half=top,shape=outer_right": {"model": "tcutility:stairs_outer", "textures": {"stair": "blocks/magma"}, "x": 180, "y": 90, "uvlock": true},
        "facing=west,half=top,shape=outer_right": {"model": "tcutility:stairs_outer", "textures": {"stair": "blocks/magma"}, "x": 180, "y": 270, "uvlock": true},
        "facing=south,half=top,shape=outer_right": {"model": "tcutility:stairs_outer", "textures": {"stair": "blocks/magma"}, "x": 180, "y": 180, "uvlock": true},
        "facing=north,half=top,shape=outer_right": {"model": "tcutility:stairs_outer", "textures": {"stair": "blocks/magma"}, "x": 180, "uvlock": true},
        "facing=east,half=top,shape=outer_left": {"model": "tcutility:stairs_outer", "textures": {"stair": "blocks/magma"}, "x": 180, "uvlock": true},
        "facing=west,half=top,shape=outer_left": {"model": "tcutility:stairs_outer", "textures": {"stair": "blocks/magma"}, "x": 180, "y": 180, "uvlock": true},
        "facing=south,half=top,shape=outer_left": {"model": "tcutility:stairs_outer", "textures": {"stair": "blocks/magma"}, "x": 180, "y": 90, "uvlock": true},
        "facing=north,half=top,shape=outer_left": {"model": "tcutility:stairs_outer", "textures": {"stair": "blocks/magma"}, "x": 180, "y": 270, "uvlock": true},
        "facing=east,half=top,shape=inner_right": {"model": "tcutility:stairs_inner", "textures": {"stair": "blocks/magma"}, "x": 180, "y": 90, "uvlock": true},
        "facing=west,half=top,shape=inner_right": {"model": "tcutility:stairs_inner", "textures": {"stair": "blocks/magma"}, "x": 180, "y": 270, "uvlock": true},
        "facing=south,half=top,shape=inner_right": {"model": "tcutility:stairs_inner", "textures": {"stair": "blocks/magma"}, "x": 180, "y": 180, "uvlock": true},
        "facing=north,half=top,shape=inner_right": {"model": "tcutility:stairs_inner", "textures": {"stair": "blocks/magma"}, "x": 180, "uvlock": true},
        "facing=east,half=top,shape=inner_left": {"model": "tcutility:stairs_inner", "textures": {"stair": "blocks/magma"}, "x": 180, "uvlock": true},
        "facing=west,half=top,shape=inner_left": {"model": "tcutility:stairs_inner", "textures": {"stair": "blocks/magma"}, "x": 180, "y": 180, "uvlock": true},
        "facing=south,half=top,shape=inner_left": {"model": "tcutility:stairs_inner", "textures": {"stair": "blocks/magma"}, "x": 180, "y": 90, "uvlock": true},
        "facing=north,half=top,shape=inner_left": {"model": "tcutility:stairs_inner", "textures": {"stair": "blocks/magma"}, "x": 180, "y": 270, "uvlock": true},
        "inventory": [{}]
    }
}
