{
    "forge_marker": 1,
    "defaults": {
        "model": "tcutility:wall_inventory", "textures": {"wall": "tcutility:blocks/deepslate_polished"}
    },
    "variants": {
        "inventory": [{}],
        "east=false,north=false,south=false,up=true,west=false": {"model": "tcutility:wall_post", "textures": {"wall": "tcutility:blocks/deepslate_polished"}},
        "east=false,north=true,south=false,up=true,west=false": {"model": "tcutility:wall_post", "textures": {"wall": "tcutility:blocks/deepslate_polished"}, "submodel": {"north": {"model": "tcutility:wall_side", "uvlock": true}}},
        "east=true,north=true,south=false,up=true,west=false": {"model": "tcutility:wall_post", "textures": {"wall": "tcutility:blocks/deepslate_polished"}, "submodel": {"north": {"model": "tcutility:wall_side", "uvlock": true}, "east": {"model": "tcutility:wall_side", "uvlock": true, "y": 90}}},
        "east=true,north=true,south=true,up=true,west=false": {"model": "tcutility:wall_post", "textures": {"wall": "tcutility:blocks/deepslate_polished"}, "submodel": {"north": {"model": "tcutility:wall_side", "uvlock": true}, "east": {"model": "tcutility:wall_side", "uvlock": true, "y": 90}, "south": {"model": "tcutility:wall_side", "uvlock": true, "y": 180}}},
        "east=true,north=true,south=true,up=true,west=true": {"model": "tcutility:wall_post", "textures": {"wall": "tcutility:blocks/deepslate_polished"}, "submodel": {"north": {"model": "tcutility:wall_side", "uvlock": true}, "east": {"model": "tcutility:wall_side", "uvlock": true, "y": 90}, "south": {"model": "tcutility:wall_side", "uvlock": true, "y": 180}, "west": {"model": "tcutility:wall_side", "uvlock": true, "y": 270}}},
        "east=true,north=true,south=false,up=true,west=true": {"model": "tcutility:wall_post", "textures": {"wall": "tcutility:blocks/deepslate_polished"}, "submodel": {"north": {"model": "tcutility:wall_side", "uvlock": true}, "east": {"model": "tcutility:wall_side", "uvlock": true, "y": 90}, "west": {"model": "tcutility:wall_side", "uvlock": true, "y": 270}}},
        "east=false,north=true,south=true,up=true,west=false": {"model": "tcutility:wall_post", "textures": {"wall": "tcutility:blocks/deepslate_polished"}, "submodel": {"north": {"model": "tcutility:wall_side", "uvlock": true}, "south": {"model": "tcutility:wall_side", "uvlock": true, "y": 180}}},
        "east=false,north=true,south=true,up=true,west=true": {"model": "tcutility:wall_post", "textures": {"wall": "tcutility:blocks/deepslate_polished"}, "submodel": {"north": {"model": "tcutility:wall_side", "uvlock": true}, "south": {"model": "tcutility:wall_side", "uvlock": true, "y": 180}, "west": {"model": "tcutility:wall_side", "uvlock": true, "y": 270}}},
        "east=false,north=true,south=false,up=true,west=true": {"model": "tcutility:wall_post", "textures": {"wall": "tcutility:blocks/deepslate_polished"}, "submodel": {"north": {"model": "tcutility:wall_side", "uvlock": true}, "west": {"model": "tcutility:wall_side", "uvlock": true, "y": 270}}},
        "east=true,north=false,south=false,up=true,west=false": {"model": "tcutility:wall_post", "textures": {"wall": "tcutility:blocks/deepslate_polished"}, "submodel": {"east": {"model": "tcutility:wall_side", "uvlock": true, "y": 90}}},
        "east=true,north=false,south=true,up=true,west=false": {"model": "tcutility:wall_post", "textures": {"wall": "tcutility:blocks/deepslate_polished"}, "submodel": {"east": {"model": "tcutility:wall_side", "uvlock": true, "y": 90}, "south": {"model": "tcutility:wall_side", "uvlock": true, "y": 180}}},
        "east=true,north=false,south=true,up=true,west=true": {"model": "tcutility:wall_post", "textures": {"wall": "tcutility:blocks/deepslate_polished"}, "submodel": {"east": {"model": "tcutility:wall_side", "uvlock": true, "y": 90}, "south": {"model": "tcutility:wall_side", "uvlock": true, "y": 180}, "west": {"model": "tcutility:wall_side", "uvlock": true, "y": 270}}},
        "east=true,north=false,south=false,up=true,west=true": {"model": "tcutility:wall_post", "textures": {"wall": "tcutility:blocks/deepslate_polished"}, "submodel": {"east": {"model": "tcutility:wall_side", "uvlock": true, "y": 90}, "west": {"model": "tcutility:wall_side", "uvlock": true, "y": 270}}},
        "east=false,north=false,south=true,up=true,west=false": {"model": "tcutility:wall_post", "textures": {"wall": "tcutility:blocks/deepslate_polished"}, "submodel": {"south": {"model": "tcutility:wall_side", "uvlock": true, "y": 180}}},
        "east=false,north=false,south=true,up=true,west=true": {"model": "tcutility:wall_post", "textures": {"wall": "tcutility:blocks/deepslate_polished"}, "submodel": {"south": {"model": "tcutility:wall_side", "uvlock": true, "y": 180}, "west": {"model": "tcutility:wall_side", "uvlock": true, "y": 270}}},
        "east=false,north=false,south=false,up=true,west=true": {"model": "tcutility:wall_post", "textures": {"wall": "tcutility:blocks/deepslate_polished"}, "submodel": {"west": {"model": "tcutility:wall_side", "uvlock": true, "y": 270}}},
        "east=true,north=false,south=false,up=false,west=true": {"model": "tcutility:wall_side", "uvlock": true, "textures": {"wall": "tcutility:blocks/deepslate_polished"}, "y": 90, "submodel": {"west": {"model": "tcutility:wall_side", "uvlock": true, "y": 180}}},
        "east=false,north=true,south=true,up=false,west=false": {"model": "tcutility:wall_side", "uvlock": true, "textures": {"wall": "tcutility:blocks/deepslate_polished"}, "submodel": {"south": {"model": "tcutility:wall_side", "uvlock": true, "y": 180}}},
        "east=false,north=false,south=false,up=false,west=false": [{}],
        "east=false,north=true,south=false,up=false,west=false": [{}],
        "east=true,north=true,south=false,up=false,west=false": [{}],
        "east=true,north=true,south=true,up=false,west=false": [{}],
        "east=true,north=true,south=true,up=false,west=true": [{}],
        "east=true,north=true,south=false,up=false,west=true": [{}],
        "east=false,north=true,south=true,up=false,west=true": [{}],
        "east=false,north=true,south=false,up=false,west=true": [{}],
        "east=true,north=false,south=false,up=false,west=false": [{}],
        "east=true,north=false,south=true,up=false,west=false": [{}],
        "east=true,north=false,south=true,up=false,west=true": [{}],
        "east=false,north=false,south=true,up=false,west=false": [{}],
        "east=false,north=false,south=true,up=false,west=true": [{}],
        "east=false,north=false,south=false,up=false,west=true": [{}]
    }
}