{
	"credit": "Made with Blockbench by Mc_Jeronimo",
	"parent": "tcutility:block/view",
	"textures": {
		"0": "#base",
		"1": "#overlay",
		"2": "#base",
		"particle": "#base"
	},
	"elements": [
		{
			"from": [0, 12, 2],
			"to": [16, 16, 16],
			"rotation": {"angle": 0, "axis": "y", "origin": [0, 0, 2]},
			"faces": {
				"north": {"uv": [0, 0, 16, 4], "texture": "#0"},
				"east": {"uv": [0, 0, 14, 4], "texture": "#0"},
				"south": {"uv": [0, 0, 16, 4], "texture": "#0"},
				"west": {"uv": [0, 0, 14, 4], "texture": "#0"},
				"up": {"uv": [0, 0, 16, 14], "texture": "#0"},
				"down": {"uv": [0, 0, 16, 14], "texture": "#0"}
			}
		},
		{
			"from": [0, 0, 8],
			"to": [16, 12, 16],
			"faces": {
				"north": {"uv": [0, 0, 8, 12], "texture": "#2"},
				"east": {"uv": [0, 0, 8, 12], "texture": "#2"},
				"south": {"uv": [0, 0, 8, 12], "texture": "#2"},
				"west": {"uv": [0, 0, 8, 12], "texture": "#2"},
				"up": {"uv": [0, 0, 8, 12], "texture": "#2"},
				"down": {"uv": [0, 0, 8, 12], "texture": "#2"}
			}
		},
		{
			"name": "overlay",
			"from": [0, 16.1, 2],
			"to": [16, 16.1, 16],
			"rotation": {"angle": 0, "axis": "y", "origin": [0, 0, 2]},
			"faces": {
				"up": {"uv": [0, 2, 16, 16], "rotation": 180, "texture": "#1"}
			}
		}
	]
}